archivo,stem,fecha,hora,camara,hora_num,codec,ancho,alto,megapixeles,fps,fps_real,fotogramas,duracion_s,duracion_min,aspecto,aspecto_txt,orientacion,bytes,tamano_mb,kbps,bits_por_pixel,fps_consistente
20240805_215845_tp00007.mp4,20240805_215845_tp00007,2024-08-05,21:58:45,tp00007,21.966666666666665,h264,1920,1080,2.07,15.001,15.000953927327965,18750,1249.92,20.83,1.7778,16:9,horizontal,268435456,256.0,1718.1,0.055,1.0
20240805_215845_tp00015.mp4,20240805_215845_tp00015,2024-08-05,21:58:45,tp00015,21.966666666666665,h264,1920,1080,2.07,15.001,15.000952536522886,18780,1251.92,20.87,1.7778,16:9,horizontal,268435456,256.0,1715.4,0.055,1.0
20260727_173621_tp00000.mp4,20260727_173621_tp00000,2026-07-27,17:36:21,tp00000,17.6,h264,1920,1080,2.07,15.0,15.000313371828872,18780,1251.97,20.87,1.7778,16:9,horizontal,268435456,256.0,1715.3,0.055,1.0
20260728_064628_tp00008.mp4,20260728_064628_tp00008,2026-07-28,06:46:28,tp00008,6.766666666666667,h264,1920,1080,2.07,15.0,15.000313504954777,18780,1251.97,20.87,1.7778,16:9,horizontal,268435456,256.0,1715.3,0.055,1.0
20260728_070720_tp00009.mp4,20260728_070720_tp00009,2026-07-28,07:07:20,tp00009,7.116666666666666,h264,1920,1080,2.07,15.0,15.000313371828872,18780,1251.97,20.87,1.7778,16:9,horizontal,268435456,256.0,1715.3,0.055,1.0
20260728_072812_tp00010.mp4,20260728_072812_tp00010,2026-07-28,07:28:12,tp00010,7.466666666666667,h264,1920,1080,2.07,15.0,15.000313504954777,18780,1251.97,20.87,1.7778,16:9,horizontal,268435456,256.0,1715.3,0.055,1.0
20260728_074904_tp00011.mp4,20260728_074904_tp00011,2026-07-28,07:49:04,tp00011,7.816666666666666,h264,1920,1080,2.07,14.999,14.998716164204794,18780,1252.11,20.87,1.7778,16:9,horizontal,268435456,256.0,1715.1,0.055,1.0
20260728_080956_tp00012.mp4,20260728_080956_tp00012,2026-07-28,08:09:56,tp00012,8.15,h264,1920,1080,2.07,15.0,15.000313504954777,18780,1251.97,20.87,1.7778,16:9,horizontal,268435456,256.0,1715.3,0.055,1.0
20260728_083048_tp00013.mp4,20260728_083048_tp00013,2026-07-28,08:30:48,tp00013,8.5,h264,1920,1080,2.07,15.0,15.000312872022867,18810,1253.97,20.9,1.7778,16:9,horizontal,268435456,256.0,1712.5,0.055,1.0
20260728_085142_tp00014.mp4,20260728_085142_tp00014,2026-07-28,08:51:42,tp00014,8.85,h264,1920,1080,2.07,15.0,15.000459122579604,12900,859.97,14.33,1.7778,16:9,horizontal,268435456,256.0,2497.2,0.08,1.0
