,brillo_media,exposicion,pct_oscuros,pct_claros,contraste_std,rango_dinamico,entropia,nitidez_laplaciano,nitidez_tenengrad,densidad_bordes,colorfulness,saturacion_media,balance_blancos,ruido,ruido_plano,blockiness,dif_media_prom,flujo_medio,coherencia_medio
brillo_media,1.0,-0.9996093915063232,0.39596899435032834,0.48073337953954637,-0.2301788534370328,-0.1858464814877148,-0.23285556285499778,0.776920742598541,0.719189985246379,0.6815153326793801,0.5616231183841514,0.5793990944355413,-0.03094258045461569,0.7638193926604392,0.4451338562026353,0.23387540739634316,0.18740291410445836,-0.14967729571385394,-0.5198102553155486
exposicion,-0.9996093915063232,1.0,-0.3983494182886392,-0.48119251457740464,0.22801715225289843,0.18358763350618162,0.2308252913553247,-0.7770833637929756,-0.7200550146247157,-0.6835872168680606,-0.5657808964019057,-0.5828257222843876,0.03585693302214016,-0.7640237335552926,-0.4470272331480169,-0.23510152635993173,-0.18727742235925676,0.1501882472862623,0.5205731688649455
pct_oscuros,0.39596899435032834,-0.3983494182886392,1.0,0.7246958854764243,0.481031426001105,0.4900665217558191,0.47972252095833373,0.8055750644163476,0.8467433922884665,0.7584250446995745,0.3935204836774139,0.4512316099701179,0.23585113007639175,0.7996701655434567,0.5726777819463668,0.5131568923358576,0.44277426529436326,-0.024405322370900377,-0.14308528848661642
pct_claros,0.48073337953954637,-0.48119251457740464,0.7246958854764243,1.0,0.5499046730105227,0.5753582751469075,0.43708046770289377,0.695445849831773,0.7525988264183943,0.6425841682862724,0.25854019326576544,0.37058948426767163,0.291390830810144,0.6792773183209787,0.4471706226555976,0.4319202792639162,0.5349990400401883,-0.00026355022566050817,-0.0430727914468582
contraste_std,-0.2301788534370328,0.22801715225289843,0.481031426001105,0.5499046730105227,1.0,0.9811363973269257,0.9215417002386546,0.1490952525026097,0.2697083891749654,0.2514342075033058,-0.08497297950877654,0.05974816194627462,0.2394371396058641,0.15147469713780387,0.26828666851128,0.308175500953938,0.5308512869485087,-0.0666756209963665,0.4372536490883011
rango_dinamico,-0.1858464814877148,0.18358763350618162,0.4900665217558191,0.5753582751469075,0.9811363973269257,1.0,0.8887145858627654,0.1709060270123837,0.29248738673343383,0.27628240259910136,-0.012626747553169103,0.12445707023443968,0.1855114936726171,0.17464867541366996,0.3192540517818528,0.2831703647121369,0.4997576829573929,-0.12326476080730968,0.3682081034138101
entropia,-0.23285556285499778,0.2308252913553247,0.47972252095833373,0.43708046770289377,0.9215417002386546,0.8887145858627654,1.0,0.15673675178676028,0.24944560419499676,0.25719486268061176,-0.16956650050394753,-0.07507345977143118,0.34949878149816815,0.16044151069296575,0.2421127329426949,0.337575903886578,0.5143615006460552,0.03615308452921787,0.5411297799504713
nitidez_laplaciano,0.776920742598541,-0.7770833637929756,0.8055750644163476,0.695445849831773,0.1490952525026097,0.1709060270123837,0.15673675178676028,1.0,0.9792413346575068,0.9145168009314864,0.5154461296971327,0.5829727314159704,0.1848275813402028,0.9929042505298368,0.6371450179523276,0.5552322299680609,0.4605320147610251,-0.08481002048345819,-0.3708744506836154
nitidez_tenengrad,0.719189985246379,-0.7200550146247157,0.8467433922884665,0.7525988264183943,0.2697083891749654,0.29248738673343383,0.24944560419499676,0.9792413346575068,1.0,0.9401188311372872,0.5285202689169464,0.6243226731558087,0.1777101812959601,0.9811221148848995,0.6872180858262685,0.5243969389643798,0.516937652814662,-0.11491131385215954,-0.354457239252388
densidad_bordes,0.6815153326793801,-0.6835872168680606,0.7584250446995745,0.6425841682862724,0.2514342075033058,0.27628240259910136,0.25719486268061176,0.9145168009314864,0.9401188311372872,1.0,0.5958376621072303,0.696305011052291,0.04116256423928471,0.9399496274165939,0.7713846570829405,0.4388248702830731,0.4057205727600731,-0.2421217807257209,-0.4241878105722396
colorfulness,0.5616231183841514,-0.5657808964019057,0.3935204836774139,0.25854019326576544,-0.08497297950877654,-0.012626747553169103,-0.16956650050394753,0.5154461296971327,0.5285202689169464,0.5958376621072303,1.0,0.916002910318331,-0.6472807093135363,0.5350358539599654,0.6017016816527891,0.01184429997223126,-0.17805322301402254,-0.6149860041584922,-0.7418390469657833
saturacion_media,0.5793990944355413,-0.5828257222843876,0.4512316099701179,0.37058948426767163,0.05974816194627462,0.12445707023443968,-0.07507345977143118,0.5829727314159704,0.6243226731558087,0.696305011052291,0.916002910318331,1.0,-0.5314223949566812,0.6115332859865832,0.6523889756084421,0.08003043775208549,0.0005204884541191293,-0.5826674954934946,-0.7128323194583551
balance_blancos,-0.03094258045461569,0.03585693302214016,0.23585113007639175,0.291390830810144,0.2394371396058641,0.1855114936726171,0.34949878149816815,0.1848275813402028,0.1777101812959601,0.04116256423928471,-0.6472807093135363,-0.5314223949566812,1.0,0.16806910609373488,-0.12530053789565662,0.36334644165035657,0.6130040717220012,0.692945633897771,0.5551813887948639
ruido,0.7638193926604392,-0.7640237335552926,0.7996701655434567,0.6792773183209787,0.15147469713780387,0.17464867541366996,0.16044151069296575,0.9929042505298368,0.9811221148848995,0.9399496274165939,0.5350358539599654,0.6115332859865832,0.16806910609373488,1.0,0.6784568770312468,0.5538875018108786,0.451685884895218,-0.10020697933551359,-0.39592844334664273
ruido_plano,0.4451338562026353,-0.4470272331480169,0.5726777819463668,0.4471706226555976,0.26828666851128,0.3192540517818528,0.2421127329426949,0.6371450179523276,0.6872180858262685,0.7713846570829405,0.6017016816527891,0.6523889756084421,-0.12530053789565662,0.6784568770312468,1.0,0.1718793064203009,0.30103830596539416,-0.3811688092415212,-0.36427102553189705
blockiness,0.23387540739634316,-0.23510152635993173,0.5131568923358576,0.4319202792639162,0.308175500953938,0.2831703647121369,0.337575903886578,0.5552322299680609,0.5243969389643798,0.4388248702830731,0.01184429997223126,0.08003043775208549,0.36334644165035657,0.5538875018108786,0.1718793064203009,1.0,0.4578111323214492,0.19217111580225907,0.05747842166027009
dif_media_prom,0.18740291410445836,-0.18727742235925676,0.44277426529436326,0.5349990400401883,0.5308512869485087,0.4997576829573929,0.5143615006460552,0.4605320147610251,0.516937652814662,0.4057205727600731,-0.17805322301402254,0.0005204884541191293,0.6130040717220012,0.451685884895218,0.30103830596539416,0.4578111323214492,1.0,0.23925984355539207,0.35673415855008056
flujo_medio,-0.14967729571385394,0.1501882472862623,-0.024405322370900377,-0.00026355022566050817,-0.0666756209963665,-0.12326476080730968,0.03615308452921787,-0.08481002048345819,-0.11491131385215954,-0.2421217807257209,-0.6149860041584922,-0.5826674954934946,0.692945633897771,-0.10020697933551359,-0.3811688092415212,0.19217111580225907,0.23925984355539207,1.0,0.38987197759742515
coherencia_medio,-0.5198102553155486,0.5205731688649455,-0.14308528848661642,-0.0430727914468582,0.4372536490883011,0.3682081034138101,0.5411297799504713,-0.3708744506836154,-0.354457239252388,-0.4241878105722396,-0.7418390469657833,-0.7128323194583551,0.5551813887948639,-0.39592844334664273,-0.36427102553189705,0.05747842166027009,0.35673415855008056,0.38987197759742515,1.0
