archivo,carpeta,stem,formato,bytes,tamano_mb,fecha,hora,camara,hora_num,ruta
20240805_215845_tp00007.mp4,raw,20240805_215845_tp00007,mp4,268435456,256.0,2024-08-05,21:58:45,tp00007,21.966666666666665,data/raw/20240805_215845_tp00007.mp4
20240805_215845_tp00015.mp4,raw,20240805_215845_tp00015,mp4,268435456,256.0,2024-08-05,21:58:45,tp00015,21.966666666666665,data/raw/20240805_215845_tp00015.mp4
20260727_173621_tp00000.mp4,raw,20260727_173621_tp00000,mp4,268435456,256.0,2026-07-27,17:36:21,tp00000,17.6,data/raw/20260727_173621_tp00000.mp4
20260728_064628_tp00008.mp4,raw,20260728_064628_tp00008,mp4,268435456,256.0,2026-07-28,06:46:28,tp00008,6.766666666666667,data/raw/20260728_064628_tp00008.mp4
20260728_070720_tp00009.mp4,raw,20260728_070720_tp00009,mp4,268435456,256.0,2026-07-28,07:07:20,tp00009,7.116666666666666,data/raw/20260728_070720_tp00009.mp4
20260728_072812_tp00010.mp4,raw,20260728_072812_tp00010,mp4,268435456,256.0,2026-07-28,07:28:12,tp00010,7.466666666666667,data/raw/20260728_072812_tp00010.mp4
20260728_074904_tp00011.mp4,raw,20260728_074904_tp00011,mp4,268435456,256.0,2026-07-28,07:49:04,tp00011,7.816666666666666,data/raw/20260728_074904_tp00011.mp4
20260728_080956_tp00012.mp4,raw,20260728_080956_tp00012,mp4,268435456,256.0,2026-07-28,08:09:56,tp00012,8.15,data/raw/20260728_080956_tp00012.mp4
20260728_083048_tp00013.mp4,raw,20260728_083048_tp00013,mp4,268435456,256.0,2026-07-28,08:30:48,tp00013,8.5,data/raw/20260728_083048_tp00013.mp4
20260728_085142_tp00014.mp4,raw,20260728_085142_tp00014,mp4,268435456,256.0,2026-07-28,08:51:42,tp00014,8.85,data/raw/20260728_085142_tp00014.mp4
