video,camara,fotogramas,duracion_min,brillo_p05,brillo_p50,brillo_p95,brillo_std_entre,pct_oscuros_p50,pct_quemados_max,exposicion_p50,contraste_p50,rango_din_p50,entropia_p50,nitidez_p50,nitidez_rel_p50,ruido_p50,ruido_max,blockiness_p50,colorfulness_p50,saturacion_p50,tono_p50,balance_blancos_p50,pct_borrosos,pct_brillo_anomalos,pct_contraste_bajo,pct_subexpuestos,pct_sobreexpuestos,pct_negros,calidad_p50,cortes_escena,cortes_adaptativos,pct_congelados,pct_duplicados,flujo_por_seg_p50,coherencia_p50,pct_cambiados_p50,sacudida_px_p50,sacudida_px_max,rotacion_max,pct_mov_global,hist_correl_p50,idx_densos,negros_densos,pct_negros_denso,pct_congelados_denso,pct_identicos_denso,racha_identicos_max,pct_stall,dif_densa_p50,fecha,hora
20240805_215845_tp00007.mp4,tp00007,250,20.75,106.45876519097223,111.9551239390432,115.10858842110339,2.7489024067899193,0.14959490740740738,6.738618827160494,0.1253505942262249,48.392064616672855,155.0,7.292569589031995,958.8554605140298,0.9166511153963153,1.374723196029663,1.6232081651687622,1.1990724277938591,25.623391151428223,26.795316358024692,169.91593126319913,-10.077972412109375,0.4,0.0,0.0,0.0,0.4,0.0,81.73191477985733,2,8,0.0,27.309236947791167,1.04570672783155,0.2845533149951629,49.52203896604938,0.9801670582880526,55.62509000474379,4.91629316498701,99.19678714859438,0.9982938156490779,898,0,0.0,0.0,45.32293986636971,13,0.0,2.034947916666667,2024-08-05,21:58:45
20240805_215845_tp00015.mp4,tp00015,251,20.83,118.95536916473765,120.68735580632716,122.57214530285493,1.2777077146903313,0.31385030864197533,5.753472222222222,0.05713003276306905,45.72819131792189,147.0,7.191965347390212,1448.5829892221439,0.90522527870754,2.0811634063720703,2.5024876594543457,1.2260107770379447,26.864652633666992,33.1970206404321,126.2220807158272,-4.20745849609375,0.398406374501992,0.0,1.1952191235059761,0.0,0.398406374501992,0.0,86.35649575124137,4,12,0.0,33.6,1.0741829130311218,0.20997392556198902,51.71264949845679,0.6956512040261735,6.665371985050321,4.490415002008226,98.8,0.9981253680073974,898,0,0.0,0.0,38.530066815144764,11,0.0,2.118211805555555,2024-08-05,21:58:45
20260727_173621_tp00000.mp4,tp00000,251,20.83,106.4245384837963,110.08783516589506,114.9135016396605,2.324543023452922,0.11728395061728394,4.279513888888889,0.13993878776644486,42.05461081238969,131.0,7.0522682267437675,880.4780497685036,0.9428576875077397,1.2317067384719849,1.49521005153656,1.1987113615556455,23.062400817871094,23.398800636574073,179.8664016868986,-9.599258422851562,0.0,0.0,0.0,0.0,0.0,0.0,74.39454023667457,0,20,0.0,20.8,1.113578707080614,0.19744424638070862,46.04523533950618,0.5647260062715959,179.3340280953472,2.095687399949999,99.2,0.9981512440649838,898,0,0.0,0.0,42.761692650334076,11,0.0,1.8542013888888889,2026-07-27,17:36:21
20260728_064628_tp00008.mp4,tp00008,251,20.83,114.35724127121914,117.59336612654322,120.13590205439814,1.7752920938141226,0.13792438271604937,2.226273148148148,0.08130182713638112,44.35326496474865,142.0,7.150832038711352,969.773924059249,0.9382666699098542,1.3399938344955444,1.5735636949539185,1.2015615297649656,25.718446731567383,25.899214409722223,181.03035232643964,-11.196693420410156,0.0,0.0,0.0,0.0,0.0,0.0,86.35089274949905,0,1,0.0,29.599999999999998,1.1567990912424895,0.24287249541416012,46.50284529320987,0.8683770901229317,2.4814235091247965,0.242217668304655,100.0,0.9983580177861258,898,0,0.0,0.0,49.55456570155902,16,0.22271714922048996,1.7457204861111113,2026-07-28,06:46:28
20260728_070720_tp00009.mp4,tp00009,251,20.83,113.37232494212964,117.14793788580248,119.97247588734568,1.9222712456808877,0.15027006172839505,2.5625,0.08478173526716815,43.278382680572875,139.0,7.105933798395909,954.7907884782088,0.9462604463239987,1.3272781372070312,1.5592694282531738,1.189022271458878,26.181604385375977,25.737111786265434,183.42996639608558,-11.285530090332031,0.0,0.0,0.0,0.0,0.0,0.0,86.02256379638557,0,3,0.0,30.4,1.1929812271434297,0.21897431182565713,44.328028549382715,0.7420667043867298,5.939648337568113,0.21798160436402828,100.0,0.9981172165984338,898,0,0.0,0.0,57.01559020044543,12,0.0,1.7726996527777779,2026-07-28,07:07:20
20260728_072812_tp00010.mp4,tp00010,251,20.83,115.66750795717593,118.21481385030864,120.24415268132717,1.456707427458211,0.17959104938271606,2.9818672839506175,0.07644676679446372,45.22687708122841,148.0,7.117812322236055,1071.6820193951241,0.9219286313159526,1.5477139949798584,1.7914767265319824,1.2032436972218927,30.471649169921875,37.65314091435185,181.9163507046219,-15.831192016601562,0.0,0.0,0.0,0.0,0.0,0.0,87.65766272553289,0,4,0.0,26.0,1.055614682607221,0.19199602691134576,48.05577256944444,0.6431861744618043,1.8556630578807705,0.21867090812143747,100.0,0.9983401276303406,898,0,0.0,0.0,52.00445434298441,9,0.0,1.6251302083333332,2026-07-28,07:28:12
20260728_074904_tp00011.mp4,tp00011,251,20.84,118.10276692708334,119.6852734375,121.5523280767747,1.0636204412231174,0.15393518518518517,2.3072916666666665,0.06495880126953124,43.226986736402836,140.0,7.080685045128691,1060.691738123876,0.92684822542751,1.5622478723526,1.841498851776123,1.1578140098273215,29.805130004882812,36.96690248842592,180.97973160724476,-14.614212036132812,0.0,0.0,0.0,0.0,0.0,0.0,87.19946339355796,0,6,0.0,25.6,1.059795049503151,0.17923477786739456,45.7065731095679,0.5218388867601881,2.007872948132813,0.23917652935663253,100.0,0.9985333384325255,896,0,0.0,0.0,55.91517857142857,22,0.8928571428571428,1.4476302083333334,2026-07-28,07:49:04
20260728_080956_tp00012.mp4,tp00012,251,20.83,121.02212770061729,123.26597608024692,125.64106698495371,1.5595035001087945,0.1579861111111111,2.2702546296296298,0.036984561873070976,42.8845561073569,137.0,7.07491077347348,1236.8638449792932,0.9164399146125476,1.834446907043457,2.1005942821502686,1.200698923514084,31.77510643005371,41.70007860725308,184.17012601690925,-18.905860900878906,0.0,0.0,0.0,0.0,0.0,0.0,87.96938950273807,0,6,0.0,32.800000000000004,0.9885051614912856,0.1644747082931981,46.42235725308642,0.5236993110832838,2.038082426375614,0.13314410295392187,100.0,0.9986852784766429,898,0,0.0,0.0,56.45879732739421,15,0.11135857461024498,1.3983159722222223,2026-07-28,08:09:56
20260728_083048_tp00013.mp4,tp00013,251,20.83,119.52641541280865,124.91910349151235,130.71196976273148,3.4184752683268504,0.22010030864197533,2.8348765432098766,0.026184733826437157,42.493172217495136,135.0,7.092541719068826,1602.9096168713231,0.8314409550207379,2.2801430225372314,3.1125435829162598,1.2272711951798025,27.781686782836914,31.791738040123455,138.50366504680204,-7.481788635253906,0.0,0.0,0.0,0.0,0.0,0.0,83.77134405967007,0,8,0.0,21.6,1.1691341352428357,0.1892527768909777,47.16898148148148,0.627463332704529,2.0682787064277925,0.2541453334897121,100.0,0.9978399393574158,898,0,0.0,0.0,47.216035634743875,16,0.22271714922048996,2.214045138888889,2026-07-28,08:30:48
20260728_085142_tp00014.mp4,tp00014,172,14.25,120.56942840952932,123.77727936921298,126.30098092689043,1.7763837758766112,0.24662422839506173,2.825617283950617,0.032990004928023675,45.05613841003895,145.0,7.16456949968607,1524.8404938092974,0.8967082343816188,2.1579787731170654,2.6737818717956543,1.2544626201321354,26.48528003692627,31.862704475308643,131.53171262806677,-6.2169342041015625,0.0,0.0,0.0,0.0,0.0,0.0,86.49954642062777,0,1,0.0,19.883040935672515,1.304408611017106,0.19185340962232283,54.99059606481481,0.5986549972455995,2.115181421072328,0.3352292188696794,100.0,0.9974092505788262,898,0,0.0,0.0,43.98663697104677,10,0.0,2.3476822916666666,2026-07-28,08:51:42
